mode,rolling_window_years,use_sample_weight,l1_ratio,c_value,min_recall,threshold,top1,top3,auc,pr_auc,precision,recall,f1,n_folds,backtest_hit1,backtest_hit3,backtest_n,backtest_w_hit1,backtest_w_hit3,top1_std,top3_std,f1_std,auc_std,pr_auc_std,top1_min,top3_min,f1_min,auc_min
expanding,5,False,0.8,0.05,0.6,0.1,1.0,1.0,0.5,0.17597175551721006,0.17597175551721006,1.0,0.28591963591963593,11,-1,-1,-1,0.0,0.0,0.0,0.0,0.13995516573871877,0.0,0.1128730965836478,1.0,1.0,0.14285714285714285,0.5
expanding,5,False,0.8,0.05,0.7,0.1,1.0,1.0,0.5,0.17597175551721006,0.17597175551721006,1.0,0.28591963591963593,11,-1,-1,-1,0.0,0.0,0.0,0.0,0.13995516573871877,0.0,0.1128730965836478,1.0,1.0,0.14285714285714285,0.5
expanding,5,False,0.8,0.05,0.8,0.1,1.0,1.0,0.5,0.17597175551721006,0.17597175551721006,1.0,0.28591963591963593,11,-1,-1,-1,0.0,0.0,0.0,0.0,0.13995516573871877,0.0,0.1128730965836478,1.0,1.0,0.14285714285714285,0.5
expanding,5,False,1.0,0.05,0.6,0.1,1.0,1.0,0.5,0.17597175551721006,0.17597175551721006,1.0,0.28591963591963593,11,-1,-1,-1,0.0,0.0,0.0,0.0,0.13995516573871877,0.0,0.1128730965836478,1.0,1.0,0.14285714285714285,0.5
expanding,5,False,1.0,0.05,0.7,0.1,1.0,1.0,0.5,0.17597175551721006,0.17597175551721006,1.0,0.28591963591963593,11,-1,-1,-1,0.0,0.0,0.0,0.0,0.13995516573871877,0.0,0.1128730965836478,1.0,1.0,0.14285714285714285,0.5
expanding,5,False,1.0,0.05,0.8,0.1,1.0,1.0,0.5,0.17597175551721006,0.17597175551721006,1.0,0.28591963591963593,11,-1,-1,-1,0.0,0.0,0.0,0.0,0.13995516573871877,0.0,0.1128730965836478,1.0,1.0,0.14285714285714285,0.5
expanding,5,True,1.0,0.05,0.6,0.1,1.0,1.0,0.5,0.17597175551721006,0.17597175551721006,1.0,0.28591963591963593,11,-1,-1,-1,0.0,0.0,0.0,0.0,0.13995516573871877,0.0,0.1128730965836478,1.0,1.0,0.14285714285714285,0.5
expanding,5,True,1.0,0.05,0.7,0.1,1.0,1.0,0.5,0.17597175551721006,0.17597175551721006,1.0,0.28591963591963593,11,-1,-1,-1,0.0,0.0,0.0,0.0,0.13995516573871877,0.0,0.1128730965836478,1.0,1.0,0.14285714285714285,0.5
expanding,5,True,1.0,0.05,0.8,0.1,1.0,1.0,0.5,0.17597175551721006,0.17597175551721006,1.0,0.28591963591963593,11,-1,-1,-1,0.0,0.0,0.0,0.0,0.13995516573871877,0.0,0.1128730965836478,1.0,1.0,0.14285714285714285,0.5
expanding,5,True,0.8,0.05,0.6,0.1,0.9090909090909091,0.9090909090909091,0.4810606060606061,0.17806965761511218,0.17597175551721006,1.0,0.28591963591963593,11,-1,-1,-1,0.0,0.0,0.28747978728803447,0.28747978728803447,0.13995516573871877,0.05989162235167384,0.11121492257458612,0.0,0.0,0.14285714285714285,0.2916666666666667
expanding,5,True,0.8,0.05,0.7,0.1,0.9090909090909091,0.9090909090909091,0.4810606060606061,0.17806965761511218,0.17597175551721006,1.0,0.28591963591963593,11,-1,-1,-1,0.0,0.0,0.28747978728803447,0.28747978728803447,0.13995516573871877,0.05989162235167384,0.11121492257458612,0.0,0.0,0.14285714285714285,0.2916666666666667
expanding,5,True,0.8,0.05,0.8,0.1,0.9090909090909091,0.9090909090909091,0.4810606060606061,0.17806965761511218,0.17597175551721006,1.0,0.28591963591963593,11,-1,-1,-1,0.0,0.0,0.28747978728803447,0.28747978728803447,0.13995516573871877,0.05989162235167384,0.11121492257458612,0.0,0.0,0.14285714285714285,0.2916666666666667
expanding,5,True,1.0,0.1,0.6,0.12272727272727274,0.8181818181818182,0.9090909090909091,0.5627705627705628,0.288928243473698,0.25335270789816244,1.0,0.35337995337995337,11,-1,-1,-1,0.0,0.0,0.38569460791993504,0.28747978728803447,0.24726608372459047,0.18140542718404298,0.26552199946872834,0.0,0.0,0.14285714285714285,0.33333333333333337
expanding,5,True,1.0,0.1,0.7,0.12272727272727274,0.8181818181818182,0.9090909090909091,0.5627705627705628,0.288928243473698,0.25335270789816244,1.0,0.35337995337995337,11,-1,-1,-1,0.0,0.0,0.38569460791993504,0.28747978728803447,0.24726608372459047,0.18140542718404298,0.26552199946872834,0.0,0.0,0.14285714285714285,0.33333333333333337
expanding,5,True,1.0,0.1,0.8,0.12272727272727274,0.8181818181818182,0.9090909090909091,0.5627705627705628,0.288928243473698,0.25335270789816244,1.0,0.35337995337995337,11,-1,-1,-1,0.0,0.0,0.38569460791993504,0.28747978728803447,0.24726608372459047,0.18140542718404298,0.26552199946872834,0.0,0.0,0.14285714285714285,0.33333333333333337
expanding,5,True,0.5,0.05,0.6,0.11818181818181821,0.8181818181818182,0.9090909090909091,0.5627705627705628,0.288928243473698,0.2523120818575364,1.0,0.35185370185370185,11,-1,-1,-1,0.0,0.0,0.38569460791993504,0.28747978728803447,0.2476303830991402,0.18140542718404298,0.26552199946872834,0.0,0.0,0.15384615384615385,0.33333333333333337
expanding,5,True,0.5,0.05,0.7,0.11818181818181821,0.8181818181818182,0.9090909090909091,0.5627705627705628,0.288928243473698,0.2523120818575364,1.0,0.35185370185370185,11,-1,-1,-1,0.0,0.0,0.38569460791993504,0.28747978728803447,0.2476303830991402,0.18140542718404298,0.26552199946872834,0.0,0.0,0.15384615384615385,0.33333333333333337
expanding,5,True,0.5,0.05,0.8,0.11818181818181821,0.8181818181818182,0.9090909090909091,0.5627705627705628,0.288928243473698,0.2523120818575364,1.0,0.35185370185370185,11,-1,-1,-1,0.0,0.0,0.38569460791993504,0.28747978728803447,0.2476303830991402,0.18140542718404298,0.26552199946872834,0.0,0.0,0.15384615384615385,0.33333333333333337
expanding,5,False,0.5,0.05,0.6,0.10909090909090911,0.8181818181818182,0.9090909090909091,0.5627705627705628,0.288928243473698,0.25172933127478586,1.0,0.3508547008547009,11,-1,-1,-1,0.0,0.0,0.38569460791993504,0.28747978728803447,0.2484479948406216,0.18140542718404298,0.26552199946872834,0.0,0.0,0.14285714285714285,0.33333333333333337
expanding,5,False,0.5,0.05,0.7,0.10909090909090911,0.8181818181818182,0.9090909090909091,0.5627705627705628,0.288928243473698,0.25172933127478586,1.0,0.3508547008547009,11,-1,-1,-1,0.0,0.0,0.38569460791993504,0.28747978728803447,0.2484479948406216,0.18140542718404298,0.26552199946872834,0.0,0.0,0.14285714285714285,0.33333333333333337
expanding,5,False,0.5,0.05,0.8,0.10909090909090911,0.8181818181818182,0.9090909090909091,0.5627705627705628,0.288928243473698,0.25172933127478586,1.0,0.3508547008547009,11,-1,-1,-1,0.0,0.0,0.38569460791993504,0.28747978728803447,0.2484479948406216,0.18140542718404298,0.26552199946872834,0.0,0.0,0.14285714285714285,0.33333333333333337
expanding,5,False,1.0,0.1,0.6,0.10909090909090911,0.8181818181818182,0.9090909090909091,0.558982683982684,0.28791814246359704,0.25172933127478586,1.0,0.3508547008547009,11,-1,-1,-1,0.0,0.0,0.38569460791993504,0.28747978728803447,0.2484479948406216,0.18651962389521287,0.2662167571217163,0.0,0.0,0.14285714285714285,0.2916666666666667
expanding,5,False,1.0,0.1,0.7,0.10909090909090911,0.8181818181818182,0.9090909090909091,0.558982683982684,0.28791814246359704,0.25172933127478586,1.0,0.3508547008547009,11,-1,-1,-1,0.0,0.0,0.38569460791993504,0.28747978728803447,0.2484479948406216,0.18651962389521287,0.2662167571217163,0.0,0.0,0.14285714285714285,0.2916666666666667
expanding,5,False,1.0,0.1,0.8,0.10909090909090911,0.8181818181818182,0.9090909090909091,0.558982683982684,0.28791814246359704,0.25172933127478586,1.0,0.3508547008547009,11,-1,-1,-1,0.0,0.0,0.38569460791993504,0.28747978728803447,0.2484479948406216,0.18651962389521287,0.2662167571217163,0.0,0.0,0.14285714285714285,0.2916666666666667
expanding,5,False,1.0,0.2,0.6,0.14545454545454548,0.7272727272727273,0.8181818181818182,0.6718614718614718,0.4646464646464646,0.36767676767676766,1.0,0.4732388823297914,11,-1,-1,-1,0.0,0.0,0.4453617714151233,0.38569460791993504,0.2810523758421252,0.23749234965125907,0.34978165970848385,0.0,0.0,0.18181818181818182,0.33333333333333337
expanding,5,False,1.0,0.2,0.7,0.14545454545454548,0.7272727272727273,0.8181818181818182,0.6718614718614718,0.4646464646464646,0.36767676767676766,1.0,0.4732388823297914,11,-1,-1,-1,0.0,0.0,0.4453617714151233,0.38569460791993504,0.2810523758421252,0.23749234965125907,0.34978165970848385,0.0,0.0,0.18181818181818182,0.33333333333333337
expanding,5,False,1.0,0.2,0.8,0.14545454545454548,0.7272727272727273,0.8181818181818182,0.6718614718614718,0.4646464646464646,0.36767676767676766,1.0,0.4732388823297914,11,-1,-1,-1,0.0,0.0,0.4453617714151233,0.38569460791993504,0.2810523758421252,0.23749234965125907,0.34978165970848385,0.0,0.0,0.18181818181818182,0.33333333333333337
expanding,5,False,0.8,0.2,0.6,0.2,0.7272727272727273,0.8181818181818182,0.7173160173160172,0.5404040404040403,0.34469696969696967,0.9090909090909091,0.463059163059163,11,-1,-1,-1,0.0,0.0,0.4453617714151233,0.38569460791993504,0.26238758321536254,0.24787094020567346,0.3668662672905572,0.0,0.0,0.0,0.33333333333333337
expanding,5,False,0.8,0.2,0.7,0.2,0.7272727272727273,0.8181818181818182,0.7173160173160172,0.5404040404040403,0.34469696969696967,0.9090909090909091,0.463059163059163,11,-1,-1,-1,0.0,0.0,0.4453617714151233,0.38569460791993504,0.26238758321536254,0.24787094020567346,0.3668662672905572,0.0,0.0,0.0,0.33333333333333337
expanding,5,False,0.8,0.2,0.8,0.2,0.7272727272727273,0.8181818181818182,0.7173160173160172,0.5404040404040403,0.34469696969696967,0.9090909090909091,0.463059163059163,11,-1,-1,-1,0.0,0.0,0.4453617714151233,0.38569460791993504,0.26238758321536254,0.24787094020567346,0.3668662672905572,0.0,0.0,0.0,0.33333333333333337
expanding,5,True,0.2,0.05,0.6,0.16363636363636364,0.7272727272727273,0.8181818181818182,0.6718614718614718,0.4646464646464646,0.33402203856749313,1.0,0.4525141525141525,11,-1,-1,-1,0.0,0.0,0.4453617714151233,0.38569460791993504,0.25176072133285254,0.23749234965125907,0.34978165970848385,0.0,0.0,0.15384615384615385,0.33333333333333337
expanding,5,True,0.2,0.05,0.7,0.16363636363636364,0.7272727272727273,0.8181818181818182,0.6718614718614718,0.4646464646464646,0.33402203856749313,1.0,0.4525141525141525,11,-1,-1,-1,0.0,0.0,0.4453617714151233,0.38569460791993504,0.25176072133285254,0.23749234965125907,0.34978165970848385,0.0,0.0,0.15384615384615385,0.33333333333333337
expanding,5,True,0.2,0.05,0.8,0.16363636363636364,0.7272727272727273,0.8181818181818182,0.6718614718614718,0.4646464646464646,0.33402203856749313,1.0,0.4525141525141525,11,-1,-1,-1,0.0,0.0,0.4453617714151233,0.38569460791993504,0.25176072133285254,0.23749234965125907,0.34978165970848385,0.0,0.0,0.15384615384615385,0.33333333333333337
expanding,5,False,0.2,0.05,0.6,0.13181818181818183,0.7272727272727273,0.8181818181818182,0.7173160173160172,0.5404040404040403,0.2939787485242031,1.0,0.40857475857475856,11,-1,-1,-1,0.0,0.0,0.4453617714151233,0.38569460791993504,0.23875094548513504,0.24787094020567346,0.3668662672905572,0.0,0.0,0.15384615384615385,0.33333333333333337
expanding,5,False,0.2,0.05,0.7,0.13181818181818183,0.7272727272727273,0.8181818181818182,0.7173160173160172,0.5404040404040403,0.2939787485242031,1.0,0.40857475857475856,11,-1,-1,-1,0.0,0.0,0.4453617714151233,0.38569460791993504,0.23875094548513504,0.24787094020567346,0.3668662672905572,0.0,0.0,0.15384615384615385,0.33333333333333337
expanding,5,False,0.2,0.05,0.8,0.13181818181818183,0.7272727272727273,0.8181818181818182,0.7173160173160172,0.5404040404040403,0.2939787485242031,1.0,0.40857475857475856,11,-1,-1,-1,0.0,0.0,0.4453617714151233,0.38569460791993504,0.23875094548513504,0.24787094020567346,0.3668662672905572,0.0,0.0,0.15384615384615385,0.33333333333333337
expanding,5,False,0.5,0.1,0.6,0.13636363636363635,0.7272727272727273,0.8181818181818182,0.6718614718614718,0.4646464646464646,0.2872294372294373,1.0,0.4008612599521691,11,-1,-1,-1,0.0,0.0,0.4453617714151233,0.38569460791993504,0.23567729224633277,0.23749234965125907,0.34978165970848385,0.0,0.0,0.15384615384615385,0.33333333333333337
expanding,5,False,0.5,0.1,0.7,0.13636363636363635,0.7272727272727273,0.8181818181818182,0.6718614718614718,0.4646464646464646,0.2872294372294373,1.0,0.4008612599521691,11,-1,-1,-1,0.0,0.0,0.4453617714151233,0.38569460791993504,0.23567729224633277,0.23749234965125907,0.34978165970848385,0.0,0.0,0.15384615384615385,0.33333333333333337
expanding,5,False,0.5,0.1,0.8,0.13636363636363635,0.7272727272727273,0.8181818181818182,0.6718614718614718,0.4646464646464646,0.2872294372294373,1.0,0.4008612599521691,11,-1,-1,-1,0.0,0.0,0.4453617714151233,0.38569460791993504,0.23567729224633277,0.23749234965125907,0.34978165970848385,0.0,0.0,0.15384615384615385,0.33333333333333337
expanding,5,False,0.8,0.1,0.6,0.11818181818181818,0.7272727272727273,0.8181818181818182,0.5718614718614718,0.29884559884559886,0.27066872521417973,1.0,0.37610722610722613,11,-1,-1,-1,0.0,0.0,0.4453617714151233,0.38569460791993504,0.24820700358107675,0.18053557082567434,0.25991886996665975,0.0,0.0,0.14285714285714285,0.33333333333333337
expanding,5,False,0.8,0.1,0.7,0.11818181818181818,0.7272727272727273,0.8181818181818182,0.5718614718614718,0.29884559884559886,0.27066872521417973,1.0,0.37610722610722613,11,-1,-1,-1,0.0,0.0,0.4453617714151233,0.38569460791993504,0.24820700358107675,0.18053557082567434,0.25991886996665975,0.0,0.0,0.14285714285714285,0.33333333333333337
expanding,5,False,0.8,0.1,0.8,0.11818181818181818,0.7272727272727273,0.8181818181818182,0.5718614718614718,0.29884559884559886,0.27066872521417973,1.0,0.37610722610722613,11,-1,-1,-1,0.0,0.0,0.4453617714151233,0.38569460791993504,0.24820700358107675,0.18053557082567434,0.25991886996665975,0.0,0.0,0.14285714285714285,0.33333333333333337
expanding,5,True,0.5,0.1,0.6,0.16363636363636364,0.6363636363636364,0.8181818181818182,0.6635970090515545,0.41919191919191917,0.3143250688705234,1.0,0.4313020313020313,11,-1,-1,-1,0.0,0.0,0.4810456929208346,0.38569460791993504,0.24496910969583371,0.2272924377836561,0.3071479501465983,0.0,0.0,0.15384615384615385,0.33333333333333337
expanding,5,True,0.5,0.1,0.7,0.16363636363636364,0.6363636363636364,0.8181818181818182,0.6635970090515545,0.41919191919191917,0.3143250688705234,1.0,0.4313020313020313,11,-1,-1,-1,0.0,0.0,0.4810456929208346,0.38569460791993504,0.24496910969583371,0.2272924377836561,0.3071479501465983,0.0,0.0,0.15384615384615385,0.33333333333333337
expanding,5,True,0.5,0.1,0.8,0.16363636363636364,0.6363636363636364,0.8181818181818182,0.6635970090515545,0.41919191919191917,0.3143250688705234,1.0,0.4313020313020313,11,-1,-1,-1,0.0,0.0,0.4810456929208346,0.38569460791993504,0.24496910969583371,0.2272924377836561,0.3071479501465983,0.0,0.0,0.15384615384615385,0.33333333333333337
expanding,5,True,0.8,0.2,0.6,0.14545454545454548,0.6363636363636364,0.8181818181818182,0.6635970090515545,0.41919191919191917,0.3060606060606061,1.0,0.4189053370871552,11,-1,-1,-1,0.0,0.0,0.4810456929208346,0.38569460791993504,0.25285150039356025,0.2272924377836561,0.3071479501465983,0.0,0.0,0.15384615384615385,0.33333333333333337
expanding,5,True,0.8,0.2,0.7,0.14545454545454548,0.6363636363636364,0.8181818181818182,0.6635970090515545,0.41919191919191917,0.3060606060606061,1.0,0.4189053370871552,11,-1,-1,-1,0.0,0.0,0.4810456929208346,0.38569460791993504,0.25285150039356025,0.2272924377836561,0.3071479501465983,0.0,0.0,0.15384615384615385,0.33333333333333337
expanding,5,True,0.8,0.2,0.8,0.14545454545454548,0.6363636363636364,0.8181818181818182,0.6635970090515545,0.41919191919191917,0.3060606060606061,1.0,0.4189053370871552,11,-1,-1,-1,0.0,0.0,0.4810456929208346,0.38569460791993504,0.25285150039356025,0.2272924377836561,0.3071479501465983,0.0,0.0,0.15384615384615385,0.33333333333333337
expanding,5,True,1.0,0.2,0.6,0.1409090909090909,0.6363636363636364,0.8181818181818182,0.6098780007870916,0.32611832611832614,0.30155450609996065,1.0,0.4146353646353646,11,-1,-1,-1,0.0,0.0,0.4810456929208346,0.38569460791993504,0.24800768375821725,0.19394552702446663,0.24905521435830766,0.0,0.0,0.15384615384615385,0.33333333333333337
expanding,5,True,1.0,0.2,0.7,0.1409090909090909,0.6363636363636364,0.8181818181818182,0.6098780007870916,0.32611832611832614,0.30155450609996065,1.0,0.4146353646353646,11,-1,-1,-1,0.0,0.0,0.4810456929208346,0.38569460791993504,0.24800768375821725,0.19394552702446663,0.24905521435830766,0.0,0.0,0.15384615384615385,0.33333333333333337
expanding,5,True,1.0,0.2,0.8,0.1409090909090909,0.6363636363636364,0.8181818181818182,0.6098780007870916,0.32611832611832614,0.30155450609996065,1.0,0.4146353646353646,11,-1,-1,-1,0.0,0.0,0.4810456929208346,0.38569460791993504,0.24800768375821725,0.19394552702446663,0.24905521435830766,0.0,0.0,0.15384615384615385,0.33333333333333337
expanding,5,True,0.8,0.1,0.6,0.12272727272727274,0.6363636363636364,0.8181818181818182,0.6098780007870916,0.32611832611832614,0.2864029909484455,1.0,0.3922577422577423,11,-1,-1,-1,0.0,0.0,0.4810456929208346,0.38569460791993504,0.2591725301072792,0.19394552702446663,0.24905521435830766,0.0,0.0,0.15384615384615385,0.33333333333333337
expanding,5,True,0.8,0.1,0.7,0.12272727272727274,0.6363636363636364,0.8181818181818182,0.6098780007870916,0.32611832611832614,0.2864029909484455,1.0,0.3922577422577423,11,-1,-1,-1,0.0,0.0,0.4810456929208346,0.38569460791993504,0.2591725301072792,0.19394552702446663,0.24905521435830766,0.0,0.0,0.15384615384615385,0.33333333333333337
expanding,5,True,0.8,0.1,0.8,0.12272727272727274,0.6363636363636364,0.8181818181818182,0.6098780007870916,0.32611832611832614,0.2864029909484455,1.0,0.3922577422577423,11,-1,-1,-1,0.0,0.0,0.4810456929208346,0.38569460791993504,0.2591725301072792,0.19394552702446663,0.24905521435830766,0.0,0.0,0.15384615384615385,0.33333333333333337
expanding,5,False,0.5,0.2,0.6,0.21818181818181823,0.5454545454545454,0.8181818181818182,0.7445887445887447,0.5782828282828283,0.5037190082644627,0.9090909090909091,0.5774891774891775,11,-1,-1,-1,0.0,0.0,0.49792959773196915,0.38569460791993504,0.3575846670378364,0.23879786134482053,0.3399631470211398,0.0,0.0,0.0,0.33333333333333337
expanding,5,False,0.5,0.2,0.7,0.21818181818181823,0.5454545454545454,0.8181818181818182,0.7445887445887447,0.5782828282828283,0.5037190082644627,0.9090909090909091,0.5774891774891775,11,-1,-1,-1,0.0,0.0,0.49792959773196915,0.38569460791993504,0.3575846670378364,0.23879786134482053,0.3399631470211398,0.0,0.0,0.0,0.33333333333333337
expanding,5,False,0.5,0.2,0.8,0.21818181818181823,0.5454545454545454,0.8181818181818182,0.7445887445887447,0.5782828282828283,0.5037190082644627,0.9090909090909091,0.5774891774891775,11,-1,-1,-1,0.0,0.0,0.49792959773196915,0.38569460791993504,0.3575846670378364,0.23879786134482053,0.3399631470211398,0.0,0.0,0.0,0.33333333333333337
expanding,5,False,1.0,0.4,0.6,0.24545454545454548,0.5454545454545454,0.8181818181818182,0.7445887445887447,0.5782828282828283,0.4621212121212121,0.9090909090909091,0.5528925619834711,11,-1,-1,-1,0.0,0.0,0.49792959773196915,0.38569460791993504,0.3291279008486836,0.23879786134482053,0.3399631470211398,0.0,0.0,0.0,0.33333333333333337
expanding,5,False,1.0,0.4,0.7,0.24545454545454548,0.5454545454545454,0.8181818181818182,0.7445887445887447,0.5782828282828283,0.4621212121212121,0.9090909090909091,0.5528925619834711,11,-1,-1,-1,0.0,0.0,0.49792959773196915,0.38569460791993504,0.3291279008486836,0.23879786134482053,0.3399631470211398,0.0,0.0,0.0,0.33333333333333337
expanding,5,False,1.0,0.4,0.8,0.24545454545454548,0.5454545454545454,0.8181818181818182,0.7445887445887447,0.5782828282828283,0.4621212121212121,0.9090909090909091,0.5528925619834711,11,-1,-1,-1,0.0,0.0,0.49792959773196915,0.38569460791993504,0.3291279008486836,0.23879786134482053,0.3399631470211398,0.0,0.0,0.0,0.33333333333333337
expanding,5,False,0.0,0.05,0.6,0.3681818181818182,0.45454545454545453,0.8181818181818182,0.7961038961038962,0.6388888888888888,0.5567493112947658,0.9090909090909091,0.6363636363636364,11,-1,-1,-1,0.0,0.0,0.49792959773196915,0.38569460791993504,0.33947509852133456,0.21922464314793688,0.34471315683307935,0.0,0.0,0.0,0.33333333333333337
expanding,5,False,0.0,0.05,0.7,0.3681818181818182,0.45454545454545453,0.8181818181818182,0.7961038961038962,0.6388888888888888,0.5567493112947658,0.9090909090909091,0.6363636363636364,11,-1,-1,-1,0.0,0.0,0.49792959773196915,0.38569460791993504,0.33947509852133456,0.21922464314793688,0.34471315683307935,0.0,0.0,0.0,0.33333333333333337
expanding,5,False,0.0,0.05,0.8,0.3681818181818182,0.45454545454545453,0.8181818181818182,0.7961038961038962,0.6388888888888888,0.5567493112947658,0.9090909090909091,0.6363636363636364,11,-1,-1,-1,0.0,0.0,0.49792959773196915,0.38569460791993504,0.33947509852133456,0.21922464314793688,0.34471315683307935,0.0,0.0,0.0,0.33333333333333337
expanding,5,False,0.2,0.1,0.6,0.22272727272727275,0.45454545454545453,0.8181818181818182,0.7597402597402598,0.601010101010101,0.5181818181818182,0.9090909090909091,0.5987012987012986,11,-1,-1,-1,0.0,0.0,0.49792959773196915,0.38569460791993504,0.3390243371371256,0.22783398025244878,0.3252972238562556,0.0,0.0,0.0,0.33333333333333337
expanding,5,False,0.2,0.1,0.7,0.22272727272727275,0.45454545454545453,0.8181818181818182,0.7597402597402598,0.601010101010101,0.5181818181818182,0.9090909090909091,0.5987012987012986,11,-1,-1,-1,0.0,0.0,0.49792959773196915,0.38569460791993504,0.3390243371371256,0.22783398025244878,0.3252972238562556,0.0,0.0,0.0,0.33333333333333337
expanding,5,False,0.2,0.1,0.8,0.22272727272727275,0.45454545454545453,0.8181818181818182,0.7597402597402598,0.601010101010101,0.5181818181818182,0.9090909090909091,0.5987012987012986,11,-1,-1,-1,0.0,0.0,0.49792959773196915,0.38569460791993504,0.3390243371371256,0.22783398025244878,0.3252972238562556,0.0,0.0,0.0,0.33333333333333337
expanding,5,False,0.0,0.1,0.6,0.3590909090909091,0.36363636363636365,0.8181818181818182,0.7597402597402598,0.5782828282828283,0.51010101010101,0.9090909090909091,0.6090909090909091,11,-1,-1,-1,0.0,0.0,0.48104569292083466,0.38569460791993504,0.3078406084654617,0.21553138310493847,0.33434572308411287,0.0,0.0,0.0,0.33333333333333337
expanding,5,False,0.0,0.1,0.7,0.3590909090909091,0.36363636363636365,0.8181818181818182,0.7597402597402598,0.5782828282828283,0.51010101010101,0.9090909090909091,0.6090909090909091,11,-1,-1,-1,0.0,0.0,0.48104569292083466,0.38569460791993504,0.3078406084654617,0.21553138310493847,0.33434572308411287,0.0,0.0,0.0,0.33333333333333337
expanding,5,False,0.0,0.1,0.8,0.3590909090909091,0.36363636363636365,0.8181818181818182,0.7597402597402598,0.5782828282828283,0.51010101010101,0.9090909090909091,0.6090909090909091,11,-1,-1,-1,0.0,0.0,0.48104569292083466,0.38569460791993504,0.3078406084654617,0.21553138310493847,0.33434572308411287,0.0,0.0,0.0,0.33333333333333337
expanding,5,False,0.2,0.2,0.6,0.29090909090909095,0.2727272727272727,0.8181818181818182,0.6688311688311688,0.5328282828282828,0.45707070707070707,0.9090909090909091,0.5696969696969697,11,-1,-1,-1,0.0,0.0,0.4453617714151233,0.38569460791993504,0.2872561048764622,0.29225813258858463,0.30677401269969173,0.0,0.0,0.0,0.0
expanding,5,False,0.2,0.2,0.7,0.29090909090909095,0.2727272727272727,0.8181818181818182,0.6688311688311688,0.5328282828282828,0.45707070707070707,0.9090909090909091,0.5696969696969697,11,-1,-1,-1,0.0,0.0,0.4453617714151233,0.38569460791993504,0.2872561048764622,0.29225813258858463,0.30677401269969173,0.0,0.0,0.0,0.0
expanding,5,False,0.2,0.2,0.8,0.29090909090909095,0.2727272727272727,0.8181818181818182,0.6688311688311688,0.5328282828282828,0.45707070707070707,0.9090909090909091,0.5696969696969697,11,-1,-1,-1,0.0,0.0,0.4453617714151233,0.38569460791993504,0.2872561048764622,0.29225813258858463,0.30677401269969173,0.0,0.0,0.0,0.0
expanding,5,False,0.8,0.4,0.6,0.30000000000000004,0.45454545454545453,0.7272727272727273,0.7233766233766235,0.5782828282828283,0.49393939393939396,0.9090909090909091,0.5892561983471075,11,-1,-1,-1,0.0,0.0,0.49792959773196915,0.4453617714151233,0.3186533660118726,0.24940625883033024,0.3399631470211398,0.0,0.0,0.0,0.33333333333333337
expanding,5,False,0.8,0.4,0.7,0.30000000000000004,0.45454545454545453,0.7272727272727273,0.7233766233766235,0.5782828282828283,0.49393939393939396,0.9090909090909091,0.5892561983471075,11,-1,-1,-1,0.0,0.0,0.49792959773196915,0.4453617714151233,0.3186533660118726,0.24940625883033024,0.3399631470211398,0.0,0.0,0.0,0.33333333333333337
expanding,5,False,0.8,0.4,0.8,0.30000000000000004,0.45454545454545453,0.7272727272727273,0.7233766233766235,0.5782828282828283,0.49393939393939396,0.9090909090909091,0.5892561983471075,11,-1,-1,-1,0.0,0.0,0.49792959773196915,0.4453617714151233,0.3186533660118726,0.24940625883033024,0.3399631470211398,0.0,0.0,0.0,0.33333333333333337
expanding,5,False,0.0,0.4,0.6,0.3272727272727274,0.36363636363636365,0.7272727272727273,0.7158008658008658,0.5772727272727273,0.49025974025974023,0.9090909090909091,0.5850649350649351,11,-1,-1,-1,0.0,0.0,0.48104569292083466,0.4453617714151233,0.31939647998952,0.3155887208062684,0.34320773866925114,0.0,0.0,0.0,0.0
expanding,5,False,0.0,0.4,0.7,0.3272727272727274,0.36363636363636365,0.7272727272727273,0.7158008658008658,0.5772727272727273,0.49025974025974023,0.9090909090909091,0.5850649350649351,11,-1,-1,-1,0.0,0.0,0.48104569292083466,0.4453617714151233,0.31939647998952,0.3155887208062684,0.34320773866925114,0.0,0.0,0.0,0.0
expanding,5,False,0.0,0.4,0.8,0.3272727272727274,0.36363636363636365,0.7272727272727273,0.7158008658008658,0.5772727272727273,0.49025974025974023,0.9090909090909091,0.5850649350649351,11,-1,-1,-1,0.0,0.0,0.48104569292083466,0.4453617714151233,0.31939647998952,0.3155887208062684,0.34320773866925114,0.0,0.0,0.0,0.0
expanding,5,False,0.2,0.4,0.6,0.30909090909090914,0.36363636363636365,0.7272727272727273,0.7233766233766233,0.5782828282828283,0.47222222222222215,0.9090909090909091,0.5653679653679653,11,-1,-1,-1,0.0,0.0,0.48104569292083466,0.4453617714151233,0.32396285463876473,0.30514352828272895,0.3418151073243302,0.0,0.0,0.0,0.0
expanding,5,False,0.2,0.4,0.7,0.30909090909090914,0.36363636363636365,0.7272727272727273,0.7233766233766233,0.5782828282828283,0.47222222222222215,0.9090909090909091,0.5653679653679653,11,-1,-1,-1,0.0,0.0,0.48104569292083466,0.4453617714151233,0.32396285463876473,0.30514352828272895,0.3418151073243302,0.0,0.0,0.0,0.0
expanding,5,False,0.2,0.4,0.8,0.30909090909090914,0.36363636363636365,0.7272727272727273,0.7233766233766233,0.5782828282828283,0.47222222222222215,0.9090909090909091,0.5653679653679653,11,-1,-1,-1,0.0,0.0,0.48104569292083466,0.4453617714151233,0.32396285463876473,0.30514352828272895,0.3418151073243302,0.0,0.0,0.0,0.0
expanding,5,False,0.0,0.2,0.6,0.3136363636363637,0.36363636363636365,0.7272727272727273,0.7415584415584416,0.5707070707070706,0.46010101010101007,0.9090909090909091,0.5502164502164502,11,-1,-1,-1,0.0,0.0,0.48104569292083466,0.4453617714151233,0.3304972961083891,0.2357292916565999,0.3406939088935816,0.0,0.0,0.0,0.33333333333333337
expanding,5,False,0.0,0.2,0.7,0.3136363636363637,0.36363636363636365,0.7272727272727273,0.7415584415584416,0.5707070707070706,0.46010101010101007,0.9090909090909091,0.5502164502164502,11,-1,-1,-1,0.0,0.0,0.48104569292083466,0.4453617714151233,0.3304972961083891,0.2357292916565999,0.3406939088935816,0.0,0.0,0.0,0.33333333333333337
expanding,5,False,0.0,0.2,0.8,0.3136363636363637,0.36363636363636365,0.7272727272727273,0.7415584415584416,0.5707070707070706,0.46010101010101007,0.9090909090909091,0.5502164502164502,11,-1,-1,-1,0.0,0.0,0.48104569292083466,0.4453617714151233,0.3304972961083891,0.2357292916565999,0.3406939088935816,0.0,0.0,0.0,0.33333333333333337
expanding,5,False,0.2,0.8,0.6,0.38636363636363635,0.36363636363636365,0.7272727272727273,0.7158008658008658,0.5772727272727273,0.481060606060606,0.7272727272727273,0.5353535353535354,11,-1,-1,-1,0.0,0.0,0.48104569292083466,0.4453617714151233,0.40912208386017446,0.3155887208062684,0.34320773866925114,0.0,0.0,0.0,0.0
expanding,5,False,0.2,0.8,0.7,0.38636363636363635,0.36363636363636365,0.7272727272727273,0.7158008658008658,0.5772727272727273,0.481060606060606,0.7272727272727273,0.5353535353535354,11,-1,-1,-1,0.0,0.0,0.48104569292083466,0.4453617714151233,0.40912208386017446,0.3155887208062684,0.34320773866925114,0.0,0.0,0.0,0.0
expanding,5,False,0.2,0.8,0.8,0.38636363636363635,0.36363636363636365,0.7272727272727273,0.7158008658008658,0.5772727272727273,0.481060606060606,0.7272727272727273,0.5353535353535354,11,-1,-1,-1,0.0,0.0,0.48104569292083466,0.4453617714151233,0.40912208386017446,0.3155887208062684,0.34320773866925114,0.0,0.0,0.0,0.0
expanding,5,False,0.5,0.8,0.6,0.34090909090909094,0.2727272727272727,0.7272727272727273,0.6248917748917748,0.5318181818181817,0.4659090909090909,0.7272727272727273,0.5353535353535354,11,-1,-1,-1,0.0,0.0,0.4453617714151233,0.4453617714151233,0.39016581648137305,0.36134235697593264,0.31626406188680156,0.0,0.0,0.0,0.0
expanding,5,False,0.5,0.8,0.7,0.34090909090909094,0.2727272727272727,0.7272727272727273,0.6248917748917748,0.5318181818181817,0.4659090909090909,0.7272727272727273,0.5353535353535354,11,-1,-1,-1,0.0,0.0,0.4453617714151233,0.4453617714151233,0.39016581648137305,0.36134235697593264,0.31626406188680156,0.0,0.0,0.0,0.0
expanding,5,False,0.5,0.8,0.8,0.34090909090909094,0.2727272727272727,0.7272727272727273,0.6248917748917748,0.5318181818181817,0.4659090909090909,0.7272727272727273,0.5353535353535354,11,-1,-1,-1,0.0,0.0,0.4453617714151233,0.4453617714151233,0.39016581648137305,0.36134235697593264,0.31626406188680156,0.0,0.0,0.0,0.0
expanding,5,False,0.5,1.2,0.6,0.33636363636363636,0.2727272727272727,0.7272727272727273,0.6248917748917748,0.5318181818181817,0.4659090909090909,0.7272727272727273,0.5353535353535354,11,-1,-1,-1,0.0,0.0,0.4453617714151233,0.4453617714151233,0.39016581648137305,0.36134235697593264,0.31626406188680156,0.0,0.0,0.0,0.0
expanding,5,False,0.5,1.2,0.7,0.33636363636363636,0.2727272727272727,0.7272727272727273,0.6248917748917748,0.5318181818181817,0.4659090909090909,0.7272727272727273,0.5353535353535354,11,-1,-1,-1,0.0,0.0,0.4453617714151233,0.4453617714151233,0.39016581648137305,0.36134235697593264,0.31626406188680156,0.0,0.0,0.0,0.0
expanding,5,False,0.5,1.2,0.8,0.33636363636363636,0.2727272727272727,0.7272727272727273,0.6248917748917748,0.5318181818181817,0.4659090909090909,0.7272727272727273,0.5353535353535354,11,-1,-1,-1,0.0,0.0,0.4453617714151233,0.4453617714151233,0.39016581648137305,0.36134235697593264,0.31626406188680156,0.0,0.0,0.0,0.0
expanding,5,True,0.0,1.2,0.6,0.35454545454545455,0.18181818181818182,0.7272727272727273,0.6703463203463204,0.4788961038961039,0.36363636363636365,0.6363636363636364,0.45454545454545453,11,-1,-1,-1,0.0,0.0,0.38569460791993493,0.4453617714151233,0.3559800037718403,0.2867034889489732,0.2863827366811204,0.0,0.0,0.0,0.0
expanding,5,True,0.0,1.2,0.7,0.35454545454545455,0.18181818181818182,0.7272727272727273,0.6703463203463204,0.4788961038961039,0.36363636363636365,0.6363636363636364,0.45454545454545453,11,-1,-1,-1,0.0,0.0,0.38569460791993493,0.4453617714151233,0.3559800037718403,0.2867034889489732,0.2863827366811204,0.0,0.0,0.0,0.0
expanding,5,True,0.0,1.2,0.8,0.35454545454545455,0.18181818181818182,0.7272727272727273,0.6703463203463204,0.4788961038961039,0.36363636363636365,0.6363636363636364,0.45454545454545453,11,-1,-1,-1,0.0,0.0,0.38569460791993493,0.4453617714151233,0.3559800037718403,0.2867034889489732,0.2863827366811204,0.0,0.0,0.0,0.0
expanding,5,True,0.0,2.0,0.6,0.35454545454545455,0.18181818181818182,0.7272727272727273,0.6612554112554112,0.4772727272727273,0.36363636363636365,0.6363636363636364,0.45454545454545453,11,-1,-1,-1,0.0,0.0,0.38569460791993493,0.4453617714151233,0.3559800037718403,0.2965480138176044,0.2883270035452283,0.0,0.0,0.0,0.0
expanding,5,True,0.0,2.0,0.7,0.35454545454545455,0.18181818181818182,0.7272727272727273,0.6612554112554112,0.4772727272727273,0.36363636363636365,0.6363636363636364,0.45454545454545453,11,-1,-1,-1,0.0,0.0,0.38569460791993493,0.4453617714151233,0.3559800037718403,0.2965480138176044,0.2883270035452283,0.0,0.0,0.0,0.0
expanding,5,True,0.0,2.0,0.8,0.35454545454545455,0.18181818181818182,0.7272727272727273,0.6612554112554112,0.4772727272727273,0.36363636363636365,0.6363636363636364,0.45454545454545453,11,-1,-1,-1,0.0,0.0,0.38569460791993493,0.4453617714151233,0.3559800037718403,0.2965480138176044,0.2883270035452283,0.0,0.0,0.0,0.0
expanding,5,False,0.5,2.0,0.6,0.3181818181818182,0.18181818181818182,0.7272727272727273,0.6923848878394332,0.48636363636363633,0.3538961038961039,0.7272727272727273,0.45303030303030295,11,-1,-1,-1,0.0,0.0,0.385694607919935,0.4453617714151233,0.3285119635459833,0.2983536469967652,0.2795033638346016,0.0,0.0,0.0,0.0
expanding,5,False,0.5,2.0,0.7,0.3181818181818182,0.18181818181818182,0.7272727272727273,0.6923848878394332,0.48636363636363633,0.3538961038961039,0.7272727272727273,0.45303030303030295,11,-1,-1,-1,0.0,0.0,0.385694607919935,0.4453617714151233,0.3285119635459833,0.2983536469967652,0.2795033638346016,0.0,0.0,0.0,0.0
expanding,5,False,0.5,2.0,0.8,0.3181818181818182,0.18181818181818182,0.7272727272727273,0.6923848878394332,0.48636363636363633,0.3538961038961039,0.7272727272727273,0.45303030303030295,11,-1,-1,-1,0.0,0.0,0.385694607919935,0.4453617714151233,0.3285119635459833,0.2983536469967652,0.2795033638346016,0.0,0.0,0.0,0.0
expanding,5,False,0.2,1.2,0.6,0.3772727272727273,0.18181818181818182,0.7272727272727273,0.6923848878394332,0.48636363636363633,0.3645021645021645,0.7272727272727273,0.4469696969696969,11,-1,-1,-1,0.0,0.0,0.385694607919935,0.4453617714151233,0.35225236174432334,0.2983536469967652,0.2795033638346016,0.0,0.0,0.0,0.0
expanding,5,False,0.2,1.2,0.7,0.3772727272727273,0.18181818181818182,0.7272727272727273,0.6923848878394332,0.48636363636363633,0.3645021645021645,0.7272727272727273,0.4469696969696969,11,-1,-1,-1,0.0,0.0,0.385694607919935,0.4453617714151233,0.35225236174432334,0.2983536469967652,0.2795033638346016,0.0,0.0,0.0,0.0
expanding,5,False,0.2,1.2,0.8,0.3772727272727273,0.18181818181818182,0.7272727272727273,0.6923848878394332,0.48636363636363633,0.3645021645021645,0.7272727272727273,0.4469696969696969,11,-1,-1,-1,0.0,0.0,0.385694607919935,0.4453617714151233,0.35225236174432334,0.2983536469967652,0.2795033638346016,0.0,0.0,0.0,0.0
expanding,5,False,0.2,2.0,0.6,0.31363636363636366,0.18181818181818182,0.7272727272727273,0.6992719401810311,0.47348484848484845,0.343939393939394,0.7272727272727273,0.4454545454545455,11,-1,-1,-1,0.0,0.0,0.385694607919935,0.4453617714151233,0.3185423642671006,0.27432920760289375,0.279944488134877,0.0,0.0,0.0,0.0
expanding,5,False,0.2,2.0,0.7,0.31363636363636366,0.18181818181818182,0.7272727272727273,0.6992719401810311,0.47348484848484845,0.343939393939394,0.7272727272727273,0.4454545454545455,11,-1,-1,-1,0.0,0.0,0.385694607919935,0.4453617714151233,0.3185423642671006,0.27432920760289375,0.279944488134877,0.0,0.0,0.0,0.0
expanding,5,False,0.2,2.0,0.8,0.31363636363636366,0.18181818181818182,0.7272727272727273,0.6992719401810311,0.47348484848484845,0.343939393939394,0.7272727272727273,0.4454545454545455,11,-1,-1,-1,0.0,0.0,0.385694607919935,0.4453617714151233,0.3185423642671006,0.27432920760289375,0.279944488134877,0.0,0.0,0.0,0.0
expanding,5,False,0.0,0.8,0.6,0.31818181818181823,0.18181818181818182,0.7272727272727273,0.6923848878394332,0.48636363636363633,0.33636363636363636,0.7272727272727273,0.43506493506493504,11,-1,-1,-1,0.0,0.0,0.385694607919935,0.4453617714151233,0.321703571488991,0.2983536469967652,0.2795033638346016,0.0,0.0,0.0,0.0
expanding,5,False,0.0,0.8,0.7,0.31818181818181823,0.18181818181818182,0.7272727272727273,0.6923848878394332,0.48636363636363633,0.33636363636363636,0.7272727272727273,0.43506493506493504,11,-1,-1,-1,0.0,0.0,0.385694607919935,0.4453617714151233,0.321703571488991,0.2983536469967652,0.2795033638346016,0.0,0.0,0.0,0.0
expanding,5,False,0.0,0.8,0.8,0.31818181818181823,0.18181818181818182,0.7272727272727273,0.6923848878394332,0.48636363636363633,0.33636363636363636,0.7272727272727273,0.43506493506493504,11,-1,-1,-1,0.0,0.0,0.385694607919935,0.4453617714151233,0.321703571488991,0.2983536469967652,0.2795033638346016,0.0,0.0,0.0,0.0
expanding,5,False,0.0,1.2,0.6,0.32272727272727275,0.18181818181818182,0.7272727272727273,0.6916961826052735,0.47222222222222215,0.33636363636363636,0.7272727272727273,0.43506493506493504,11,-1,-1,-1,0.0,0.0,0.385694607919935,0.4453617714151233,0.321703571488991,0.2830412218318191,0.2815401764074492,0.0,0.0,0.0,0.0
expanding,5,False,0.0,1.2,0.7,0.32272727272727275,0.18181818181818182,0.7272727272727273,0.6916961826052735,0.47222222222222215,0.33636363636363636,0.7272727272727273,0.43506493506493504,11,-1,-1,-1,0.0,0.0,0.385694607919935,0.4453617714151233,0.321703571488991,0.2830412218318191,0.2815401764074492,0.0,0.0,0.0,0.0
expanding,5,False,0.0,1.2,0.8,0.32272727272727275,0.18181818181818182,0.7272727272727273,0.6916961826052735,0.47222222222222215,0.33636363636363636,0.7272727272727273,0.43506493506493504,11,-1,-1,-1,0.0,0.0,0.385694607919935,0.4453617714151233,0.321703571488991,0.2830412218318191,0.2815401764074492,0.0,0.0,0.0,0.0
expanding,5,True,1.0,0.4,0.6,0.21818181818181823,0.5454545454545454,0.6363636363636364,0.6264069264069264,0.48282828282828283,0.35220385674931126,0.9090909090909091,0.4714285714285715,11,-1,-1,-1,0.0,0.0,0.49792959773196915,0.4810456929208346,0.2644309495247941,0.3302289807096439,0.3373533230380877,0.0,0.0,0.0,0.0
expanding,5,True,1.0,0.4,0.7,0.21818181818181823,0.5454545454545454,0.6363636363636364,0.6264069264069264,0.48282828282828283,0.35220385674931126,0.9090909090909091,0.4714285714285715,11,-1,-1,-1,0.0,0.0,0.49792959773196915,0.4810456929208346,0.2644309495247941,0.3302289807096439,0.3373533230380877,0.0,0.0,0.0,0.0
expanding,5,True,1.0,0.4,0.8,0.21818181818181823,0.5454545454545454,0.6363636363636364,0.6264069264069264,0.48282828282828283,0.35220385674931126,0.9090909090909091,0.4714285714285715,11,-1,-1,-1,0.0,0.0,0.49792959773196915,0.4810456929208346,0.2644309495247941,0.3302289807096439,0.3373533230380877,0.0,0.0,0.0,0.0
expanding,5,True,0.5,0.2,0.6,0.21818181818181823,0.5454545454545454,0.6363636363636364,0.6264069264069264,0.48282828282828283,0.3393939393939394,0.9090909090909091,0.4623376623376623,11,-1,-1,-1,0.0,0.0,0.49792959773196915,0.4810456929208346,0.24521354515418867,0.3302289807096439,0.3373533230380877,0.0,0.0,0.0,0.0
expanding,5,True,0.5,0.2,0.7,0.21818181818181823,0.5454545454545454,0.6363636363636364,0.6264069264069264,0.48282828282828283,0.3393939393939394,0.9090909090909091,0.4623376623376623,11,-1,-1,-1,0.0,0.0,0.49792959773196915,0.4810456929208346,0.24521354515418867,0.3302289807096439,0.3373533230380877,0.0,0.0,0.0,0.0
expanding,5,True,0.5,0.2,0.8,0.21818181818181823,0.5454545454545454,0.6363636363636364,0.6264069264069264,0.48282828282828283,0.3393939393939394,0.9090909090909091,0.4623376623376623,11,-1,-1,-1,0.0,0.0,0.49792959773196915,0.4810456929208346,0.24521354515418867,0.3302289807096439,0.3373533230380877,0.0,0.0,0.0,0.0
expanding,5,True,0.8,0.4,0.6,0.26363636363636367,0.45454545454545453,0.6363636363636364,0.6582251082251083,0.521969696969697,0.38333333333333336,0.9090909090909091,0.5031090121999212,11,-1,-1,-1,0.0,0.0,0.49792959773196915,0.4810456929208346,0.27364847688389654,0.3270927320597001,0.32318398470625864,0.0,0.0,0.0,0.0
expanding,5,True,0.8,0.4,0.7,0.26363636363636367,0.45454545454545453,0.6363636363636364,0.6582251082251083,0.521969696969697,0.38333333333333336,0.9090909090909091,0.5031090121999212,11,-1,-1,-1,0.0,0.0,0.49792959773196915,0.4810456929208346,0.27364847688389654,0.3270927320597001,0.32318398470625864,0.0,0.0,0.0,0.0
expanding,5,True,0.8,0.4,0.8,0.26363636363636367,0.45454545454545453,0.6363636363636364,0.6582251082251083,0.521969696969697,0.38333333333333336,0.9090909090909091,0.5031090121999212,11,-1,-1,-1,0.0,0.0,0.49792959773196915,0.4810456929208346,0.27364847688389654,0.3270927320597001,0.32318398470625864,0.0,0.0,0.0,0.0
expanding,5,True,0.0,0.1,0.6,0.3409090909090909,0.36363636363636365,0.6363636363636364,0.6870129870129871,0.5631313131313131,0.49797979797979797,0.9090909090909091,0.5896103896103896,11,-1,-1,-1,0.0,0.0,0.48104569292083466,0.4810456929208346,0.3284228171467168,0.3231090648311978,0.35574705013137603,0.0,0.0,0.0,0.0
expanding,5,True,0.0,0.1,0.7,0.3409090909090909,0.36363636363636365,0.6363636363636364,0.6870129870129871,0.5631313131313131,0.49797979797979797,0.9090909090909091,0.5896103896103896,11,-1,-1,-1,0.0,0.0,0.48104569292083466,0.4810456929208346,0.3284228171467168,0.3231090648311978,0.35574705013137603,0.0,0.0,0.0,0.0
expanding,5,True,0.0,0.1,0.8,0.3409090909090909,0.36363636363636365,0.6363636363636364,0.6870129870129871,0.5631313131313131,0.49797979797979797,0.9090909090909091,0.5896103896103896,11,-1,-1,-1,0.0,0.0,0.48104569292083466,0.4810456929208346,0.3284228171467168,0.3231090648311978,0.35574705013137603,0.0,0.0,0.0,0.0
expanding,5,True,0.0,0.05,0.6,0.29090909090909095,0.36363636363636365,0.6363636363636364,0.6870129870129871,0.5631313131313131,0.48636363636363633,1.0,0.5853600944510036,11,-1,-1,-1,0.0,0.0,0.48104569292083466,0.4810456929208346,0.30183955729434536,0.3231090648311978,0.35574705013137603,0.0,0.0,0.18181818181818182,0.0
expanding,5,True,0.0,0.05,0.7,0.29090909090909095,0.36363636363636365,0.6363636363636364,0.6870129870129871,0.5631313131313131,0.48636363636363633,1.0,0.5853600944510036,11,-1,-1,-1,0.0,0.0,0.48104569292083466,0.4810456929208346,0.30183955729434536,0.3231090648311978,0.35574705013137603,0.0,0.0,0.18181818181818182,0.0
expanding,5,True,0.0,0.05,0.8,0.29090909090909095,0.36363636363636365,0.6363636363636364,0.6870129870129871,0.5631313131313131,0.48636363636363633,1.0,0.5853600944510036,11,-1,-1,-1,0.0,0.0,0.48104569292083466,0.4810456929208346,0.30183955729434536,0.3231090648311978,0.35574705013137603,0.0,0.0,0.18181818181818182,0.0
expanding,5,True,0.0,0.2,0.6,0.30909090909090914,0.36363636363636365,0.6363636363636364,0.6945887445887448,0.5643939393939394,0.45252525252525255,0.9090909090909091,0.5593073593073593,11,-1,-1,-1,0.0,0.0,0.48104569292083466,0.4810456929208346,0.30359872476458,0.3156178166280347,0.3541616026213879,0.0,0.0,0.0,0.0
expanding,5,True,0.0,0.2,0.7,0.30909090909090914,0.36363636363636365,0.6363636363636364,0.6945887445887448,0.5643939393939394,0.45252525252525255,0.9090909090909091,0.5593073593073593,11,-1,-1,-1,0.0,0.0,0.48104569292083466,0.4810456929208346,0.30359872476458,0.3156178166280347,0.3541616026213879,0.0,0.0,0.0,0.0
expanding,5,True,0.0,0.2,0.8,0.30909090909090914,0.36363636363636365,0.6363636363636364,0.6945887445887448,0.5643939393939394,0.45252525252525255,0.9090909090909091,0.5593073593073593,11,-1,-1,-1,0.0,0.0,0.48104569292083466,0.4810456929208346,0.30359872476458,0.3156178166280347,0.3541616026213879,0.0,0.0,0.0,0.0
expanding,5,False,0.5,0.4,0.6,0.28181818181818186,0.36363636363636365,0.6363636363636364,0.6597402597402597,0.5328282828282828,0.4419191919191919,0.9090909090909091,0.5515151515151516,11,-1,-1,-1,0.0,0.0,0.48104569292083466,0.4810456929208346,0.2941736024124023,0.3194341758289857,0.3128868384188594,0.0,0.0,0.0,0.0
expanding,5,False,0.5,0.4,0.7,0.28181818181818186,0.36363636363636365,0.6363636363636364,0.6597402597402597,0.5328282828282828,0.4419191919191919,0.9090909090909091,0.5515151515151516,11,-1,-1,-1,0.0,0.0,0.48104569292083466,0.4810456929208346,0.2941736024124023,0.3194341758289857,0.3128868384188594,0.0,0.0,0.0,0.0
expanding,5,False,0.5,0.4,0.8,0.28181818181818186,0.36363636363636365,0.6363636363636364,0.6597402597402597,0.5328282828282828,0.4419191919191919,0.9090909090909091,0.5515151515151516,11,-1,-1,-1,0.0,0.0,0.48104569292083466,0.4810456929208346,0.2941736024124023,0.3194341758289857,0.3128868384188594,0.0,0.0,0.0,0.0
expanding,5,False,0.8,0.8,0.6,0.30454545454545456,0.36363636363636365,0.6363636363636364,0.6051948051948052,0.5207070707070707,0.46767676767676764,0.8181818181818182,0.5484848484848486,11,-1,-1,-1,0.0,0.0,0.48104569292083466,0.4810456929208346,0.35995612425209994,0.38154961056246023,0.3247557219682626,0.0,0.0,0.0,0.0
expanding,5,False,0.8,0.8,0.7,0.30454545454545456,0.36363636363636365,0.6363636363636364,0.6051948051948052,0.5207070707070707,0.46767676767676764,0.8181818181818182,0.5484848484848486,11,-1,-1,-1,0.0,0.0,0.48104569292083466,0.4810456929208346,0.35995612425209994,0.38154961056246023,0.3247557219682626,0.0,0.0,0.0,0.0
expanding,5,False,0.8,0.8,0.8,0.30454545454545456,0.36363636363636365,0.6363636363636364,0.6051948051948052,0.5207070707070707,0.46767676767676764,0.8181818181818182,0.5484848484848486,11,-1,-1,-1,0.0,0.0,0.48104569292083466,0.4810456929208346,0.35995612425209994,0.38154961056246023,0.3247557219682626,0.0,0.0,0.0,0.0
expanding,5,False,1.0,0.8,0.6,0.2545454545454546,0.36363636363636365,0.6363636363636364,0.6051948051948052,0.5207070707070707,0.43737373737373736,0.9090909090909091,0.5441558441558442,11,-1,-1,-1,0.0,0.0,0.48104569292083466,0.4810456929208346,0.3020174787132753,0.38154961056246023,0.3247557219682626,0.0,0.0,0.0,0.0
expanding,5,False,1.0,0.8,0.7,0.2545454545454546,0.36363636363636365,0.6363636363636364,0.6051948051948052,0.5207070707070707,0.43737373737373736,0.9090909090909091,0.5441558441558442,11,-1,-1,-1,0.0,0.0,0.48104569292083466,0.4810456929208346,0.3020174787132753,0.38154961056246023,0.3247557219682626,0.0,0.0,0.0,0.0
expanding,5,False,1.0,0.8,0.8,0.2545454545454546,0.36363636363636365,0.6363636363636364,0.6051948051948052,0.5207070707070707,0.43737373737373736,0.9090909090909091,0.5441558441558442,11,-1,-1,-1,0.0,0.0,0.48104569292083466,0.4810456929208346,0.3020174787132753,0.38154961056246023,0.3247557219682626,0.0,0.0,0.0,0.0
expanding,5,True,0.2,0.4,0.6,0.4,0.36363636363636365,0.6363636363636364,0.6945887445887448,0.5674242424242425,0.46753246753246747,0.7272727272727273,0.537878787878788,11,-1,-1,-1,0.0,0.0,0.48104569292083466,0.4810456929208346,0.3882159992520896,0.3324510446398667,0.35087291120339464,0.0,0.0,0.0,0.0
expanding,5,True,0.2,0.4,0.7,0.4,0.36363636363636365,0.6363636363636364,0.6945887445887448,0.5674242424242425,0.46753246753246747,0.7272727272727273,0.537878787878788,11,-1,-1,-1,0.0,0.0,0.48104569292083466,0.4810456929208346,0.3882159992520896,0.3324510446398667,0.35087291120339464,0.0,0.0,0.0,0.0
expanding,5,True,0.2,0.4,0.8,0.4,0.36363636363636365,0.6363636363636364,0.6945887445887448,0.5674242424242425,0.46753246753246747,0.7272727272727273,0.537878787878788,11,-1,-1,-1,0.0,0.0,0.48104569292083466,0.4810456929208346,0.3882159992520896,0.3324510446398667,0.35087291120339464,0.0,0.0,0.0,0.0
expanding,5,True,0.5,0.4,0.6,0.3045454545454546,0.36363636363636365,0.6363636363636364,0.6127705627705629,0.521969696969697,0.43737373737373736,0.8181818181818182,0.5333333333333333,11,-1,-1,-1,0.0,0.0,0.48104569292083466,0.4810456929208346,0.3363499860730087,0.37687519570649547,0.32318398470625864,0.0,0.0,0.0,0.0
expanding,5,True,0.5,0.4,0.7,0.3045454545454546,0.36363636363636365,0.6363636363636364,0.6127705627705629,0.521969696969697,0.43737373737373736,0.8181818181818182,0.5333333333333333,11,-1,-1,-1,0.0,0.0,0.48104569292083466,0.4810456929208346,0.3363499860730087,0.37687519570649547,0.32318398470625864,0.0,0.0,0.0,0.0
expanding,5,True,0.5,0.4,0.8,0.3045454545454546,0.36363636363636365,0.6363636363636364,0.6127705627705629,0.521969696969697,0.43737373737373736,0.8181818181818182,0.5333333333333333,11,-1,-1,-1,0.0,0.0,0.48104569292083466,0.4810456929208346,0.3363499860730087,0.37687519570649547,0.32318398470625864,0.0,0.0,0.0,0.0
expanding,5,True,0.2,0.2,0.6,0.2727272727272728,0.36363636363636365,0.6363636363636364,0.6127705627705629,0.521969696969697,0.4070707070707071,0.9090909090909091,0.529004329004329,11,-1,-1,-1,0.0,0.0,0.48104569292083466,0.4810456929208346,0.2732147090543989,0.37687519570649547,0.32318398470625864,0.0,0.0,0.0,0.0
expanding,5,True,0.2,0.2,0.7,0.2727272727272728,0.36363636363636365,0.6363636363636364,0.6127705627705629,0.521969696969697,0.4070707070707071,0.9090909090909091,0.529004329004329,11,-1,-1,-1,0.0,0.0,0.48104569292083466,0.4810456929208346,0.2732147090543989,0.37687519570649547,0.32318398470625864,0.0,0.0,0.0,0.0
expanding,5,True,0.2,0.2,0.8,0.2727272727272728,0.36363636363636365,0.6363636363636364,0.6127705627705629,0.521969696969697,0.4070707070707071,0.9090909090909091,0.529004329004329,11,-1,-1,-1,0.0,0.0,0.48104569292083466,0.4810456929208346,0.2732147090543989,0.37687519570649547,0.32318398470625864,0.0,0.0,0.0,0.0
expanding,5,False,1.0,1.2,0.6,0.3363636363636364,0.36363636363636365,0.6363636363636364,0.5976190476190477,0.5196969696969697,0.45075757575757575,0.7272727272727273,0.5202020202020202,11,-1,-1,-1,0.0,0.0,0.48104569292083466,0.4810456929208346,0.38800240033674377,0.3876507958960666,0.3260428630972864,0.0,0.0,0.0,0.0
expanding,5,False,1.0,1.2,0.7,0.3363636363636364,0.36363636363636365,0.6363636363636364,0.5976190476190477,0.5196969696969697,0.45075757575757575,0.7272727272727273,0.5202020202020202,11,-1,-1,-1,0.0,0.0,0.48104569292083466,0.4810456929208346,0.38800240033674377,0.3876507958960666,0.3260428630972864,0.0,0.0,0.0,0.0
expanding,5,False,1.0,1.2,0.8,0.3363636363636364,0.36363636363636365,0.6363636363636364,0.5976190476190477,0.5196969696969697,0.45075757575757575,0.7272727272727273,0.5202020202020202,11,-1,-1,-1,0.0,0.0,0.48104569292083466,0.4810456929208346,0.38800240033674377,0.3876507958960666,0.3260428630972864,0.0,0.0,0.0,0.0
expanding,5,True,1.0,1.2,0.6,0.3454545454545455,0.36363636363636365,0.6363636363636364,0.6127705627705629,0.521969696969697,0.4272727272727273,0.7272727272727273,0.5151515151515151,11,-1,-1,-1,0.0,0.0,0.48104569292083466,0.4810456929208346,0.35855028988482524,0.37687519570649547,0.32318398470625864,0.0,0.0,0.0,0.0
expanding,5,True,1.0,1.2,0.7,0.3454545454545455,0.36363636363636365,0.6363636363636364,0.6127705627705629,0.521969696969697,0.4272727272727273,0.7272727272727273,0.5151515151515151,11,-1,-1,-1,0.0,0.0,0.48104569292083466,0.4810456929208346,0.35855028988482524,0.37687519570649547,0.32318398470625864,0.0,0.0,0.0,0.0
expanding,5,True,1.0,1.2,0.8,0.3454545454545455,0.36363636363636365,0.6363636363636364,0.6127705627705629,0.521969696969697,0.4272727272727273,0.7272727272727273,0.5151515151515151,11,-1,-1,-1,0.0,0.0,0.48104569292083466,0.4810456929208346,0.35855028988482524,0.37687519570649547,0.32318398470625864,0.0,0.0,0.0,0.0
expanding,5,True,0.8,0.8,0.6,0.34090909090909094,0.36363636363636365,0.6363636363636364,0.6127705627705629,0.521969696969697,0.42424242424242425,0.7272727272727273,0.5108225108225107,11,-1,-1,-1,0.0,0.0,0.48104569292083466,0.4810456929208346,0.36099847167773824,0.37687519570649547,0.32318398470625864,0.0,0.0,0.0,0.0
expanding,5,True,0.8,0.8,0.7,0.34090909090909094,0.36363636363636365,0.6363636363636364,0.6127705627705629,0.521969696969697,0.42424242424242425,0.7272727272727273,0.5108225108225107,11,-1,-1,-1,0.0,0.0,0.48104569292083466,0.4810456929208346,0.36099847167773824,0.37687519570649547,0.32318398470625864,0.0,0.0,0.0,0.0
expanding,5,True,0.8,0.8,0.8,0.34090909090909094,0.36363636363636365,0.6363636363636364,0.6127705627705629,0.521969696969697,0.42424242424242425,0.7272727272727273,0.5108225108225107,11,-1,-1,-1,0.0,0.0,0.48104569292083466,0.4810456929208346,0.36099847167773824,0.37687519570649547,0.32318398470625864,0.0,0.0,0.0,0.0
expanding,5,True,1.0,0.8,0.6,0.33181818181818185,0.36363636363636365,0.6363636363636364,0.6127705627705629,0.521969696969697,0.42207792207792205,0.7272727272727273,0.5075757575757576,11,-1,-1,-1,0.0,0.0,0.48104569292083466,0.4810456929208346,0.3631625701274813,0.37687519570649547,0.32318398470625864,0.0,0.0,0.0,0.0
expanding,5,True,1.0,0.8,0.7,0.33181818181818185,0.36363636363636365,0.6363636363636364,0.6127705627705629,0.521969696969697,0.42207792207792205,0.7272727272727273,0.5075757575757576,11,-1,-1,-1,0.0,0.0,0.48104569292083466,0.4810456929208346,0.3631625701274813,0.37687519570649547,0.32318398470625864,0.0,0.0,0.0,0.0
expanding,5,True,1.0,0.8,0.8,0.33181818181818185,0.36363636363636365,0.6363636363636364,0.6127705627705629,0.521969696969697,0.42207792207792205,0.7272727272727273,0.5075757575757576,11,-1,-1,-1,0.0,0.0,0.48104569292083466,0.4810456929208346,0.3631625701274813,0.37687519570649547,0.32318398470625864,0.0,0.0,0.0,0.0
expanding,5,True,0.2,0.1,0.6,0.23636363636363641,0.36363636363636365,0.6363636363636364,0.6051948051948052,0.5207070707070707,0.36363636363636365,1.0,0.4970484061393152,11,-1,-1,-1,0.0,0.0,0.48104569292083466,0.4810456929208346,0.21493620975663597,0.38154961056246023,0.3247557219682626,0.0,0.0,0.18181818181818182,0.0
expanding,5,True,0.2,0.1,0.7,0.23636363636363641,0.36363636363636365,0.6363636363636364,0.6051948051948052,0.5207070707070707,0.36363636363636365,1.0,0.4970484061393152,11,-1,-1,-1,0.0,0.0,0.48104569292083466,0.4810456929208346,0.21493620975663597,0.38154961056246023,0.3247557219682626,0.0,0.0,0.18181818181818182,0.0
expanding,5,True,0.2,0.1,0.8,0.23636363636363641,0.36363636363636365,0.6363636363636364,0.6051948051948052,0.5207070707070707,0.36363636363636365,1.0,0.4970484061393152,11,-1,-1,-1,0.0,0.0,0.48104569292083466,0.4810456929208346,0.21493620975663597,0.38154961056246023,0.3247557219682626,0.0,0.0,0.18181818181818182,0.0
expanding,5,False,0.8,1.2,0.6,0.31818181818181823,0.36363636363636365,0.6363636363636364,0.6158008658008658,0.5242424242424243,0.4053030303030303,0.7272727272727273,0.48989898989898994,11,-1,-1,-1,0.0,0.0,0.48104569292083466,0.4810456929208346,0.3614552996986442,0.3729880027882215,0.3218761004777607,0.0,0.0,0.0,0.0
expanding,5,False,0.8,1.2,0.7,0.31818181818181823,0.36363636363636365,0.6363636363636364,0.6158008658008658,0.5242424242424243,0.4053030303030303,0.7272727272727273,0.48989898989898994,11,-1,-1,-1,0.0,0.0,0.48104569292083466,0.4810456929208346,0.3614552996986442,0.3729880027882215,0.3218761004777607,0.0,0.0,0.0,0.0
expanding,5,False,0.8,1.2,0.8,0.31818181818181823,0.36363636363636365,0.6363636363636364,0.6158008658008658,0.5242424242424243,0.4053030303030303,0.7272727272727273,0.48989898989898994,11,-1,-1,-1,0.0,0.0,0.48104569292083466,0.4810456929208346,0.3614552996986442,0.3729880027882215,0.3218761004777607,0.0,0.0,0.0,0.0
expanding,5,False,1.0,2.0,0.6,0.33636363636363636,0.36363636363636365,0.6363636363636364,0.5976190476190477,0.5196969696969697,0.4053030303030303,0.7272727272727273,0.48989898989898994,11,-1,-1,-1,0.0,0.0,0.48104569292083466,0.4810456929208346,0.36145529969864415,0.3876507958960666,0.3260428630972864,0.0,0.0,0.0,0.0
expanding,5,False,1.0,2.0,0.7,0.33636363636363636,0.36363636363636365,0.6363636363636364,0.5976190476190477,0.5196969696969697,0.4053030303030303,0.7272727272727273,0.48989898989898994,11,-1,-1,-1,0.0,0.0,0.48104569292083466,0.4810456929208346,0.36145529969864415,0.3876507958960666,0.3260428630972864,0.0,0.0,0.0,0.0
expanding,5,False,1.0,2.0,0.8,0.33636363636363636,0.36363636363636365,0.6363636363636364,0.5976190476190477,0.5196969696969697,0.4053030303030303,0.7272727272727273,0.48989898989898994,11,-1,-1,-1,0.0,0.0,0.48104569292083466,0.4810456929208346,0.36145529969864415,0.3876507958960666,0.3260428630972864,0.0,0.0,0.0,0.0
expanding,5,False,0.8,2.0,0.6,0.3181818181818182,0.36363636363636365,0.6363636363636364,0.6158008658008658,0.5242424242424243,0.3598484848484848,0.7272727272727273,0.45959595959595956,11,-1,-1,-1,0.0,0.0,0.48104569292083466,0.4810456929208346,0.33002644954958665,0.3729880027882215,0.3218761004777607,0.0,0.0,0.0,0.0
expanding,5,False,0.8,2.0,0.7,0.3181818181818182,0.36363636363636365,0.6363636363636364,0.6158008658008658,0.5242424242424243,0.3598484848484848,0.7272727272727273,0.45959595959595956,11,-1,-1,-1,0.0,0.0,0.48104569292083466,0.4810456929208346,0.33002644954958665,0.3729880027882215,0.3218761004777607,0.0,0.0,0.0,0.0
expanding,5,False,0.8,2.0,0.8,0.3181818181818182,0.36363636363636365,0.6363636363636364,0.6158008658008658,0.5242424242424243,0.3598484848484848,0.7272727272727273,0.45959595959595956,11,-1,-1,-1,0.0,0.0,0.48104569292083466,0.4810456929208346,0.33002644954958665,0.3729880027882215,0.3218761004777607,0.0,0.0,0.0,0.0
expanding,5,True,0.8,1.2,0.6,0.32727272727272727,0.2727272727272727,0.6363636363636364,0.5945887445887447,0.47651515151515156,0.4318181818181818,0.7272727272727273,0.5212121212121213,11,-1,-1,-1,0.0,0.0,0.4453617714151233,0.4810456929208346,0.3559800037718403,0.3622977060623892,0.2857476941637964,0.0,0.0,0.0,0.0
expanding,5,True,0.8,1.2,0.7,0.32727272727272727,0.2727272727272727,0.6363636363636364,0.5945887445887447,0.47651515151515156,0.4318181818181818,0.7272727272727273,0.5212121212121213,11,-1,-1,-1,0.0,0.0,0.4453617714151233,0.4810456929208346,0.3559800037718403,0.3622977060623892,0.2857476941637964,0.0,0.0,0.0,0.0
expanding,5,True,0.8,1.2,0.8,0.32727272727272727,0.2727272727272727,0.6363636363636364,0.5945887445887447,0.47651515151515156,0.4318181818181818,0.7272727272727273,0.5212121212121213,11,-1,-1,-1,0.0,0.0,0.4453617714151233,0.4810456929208346,0.3559800037718403,0.3622977060623892,0.2857476941637964,0.0,0.0,0.0,0.0
expanding,5,True,0.5,0.8,0.6,0.3363636363636364,0.2727272727272727,0.6363636363636364,0.6036796536796538,0.521969696969697,0.4272727272727273,0.7272727272727273,0.5151515151515151,11,-1,-1,-1,0.0,0.0,0.4453617714151233,0.4810456929208346,0.35855028988482524,0.37099731267979474,0.32318398470625864,0.0,0.0,0.0,0.0
expanding,5,True,0.5,0.8,0.7,0.3363636363636364,0.2727272727272727,0.6363636363636364,0.6036796536796538,0.521969696969697,0.4272727272727273,0.7272727272727273,0.5151515151515151,11,-1,-1,-1,0.0,0.0,0.4453617714151233,0.4810456929208346,0.35855028988482524,0.37099731267979474,0.32318398470625864,0.0,0.0,0.0,0.0
expanding,5,True,0.5,0.8,0.8,0.3363636363636364,0.2727272727272727,0.6363636363636364,0.6036796536796538,0.521969696969697,0.4272727272727273,0.7272727272727273,0.5151515151515151,11,-1,-1,-1,0.0,0.0,0.4453617714151233,0.4810456929208346,0.35855028988482524,0.37099731267979474,0.32318398470625864,0.0,0.0,0.0,0.0
expanding,5,True,0.0,0.4,0.6,0.4318181818181818,0.2727272727272727,0.6363636363636364,0.6764069264069265,0.518939393939394,0.4090909090909091,0.6363636363636364,0.4848484848484848,11,-1,-1,-1,0.0,0.0,0.4453617714151233,0.4810456929208346,0.38569460791993493,0.3030091210902373,0.3263296597490886,0.0,0.0,0.0,0.0
expanding,5,True,0.0,0.4,0.7,0.4318181818181818,0.2727272727272727,0.6363636363636364,0.6764069264069265,0.518939393939394,0.4090909090909091,0.6363636363636364,0.4848484848484848,11,-1,-1,-1,0.0,0.0,0.4453617714151233,0.4810456929208346,0.38569460791993493,0.3030091210902373,0.3263296597490886,0.0,0.0,0.0,0.0
expanding,5,True,0.0,0.4,0.8,0.4318181818181818,0.2727272727272727,0.6363636363636364,0.6764069264069265,0.518939393939394,0.4090909090909091,0.6363636363636364,0.4848484848484848,11,-1,-1,-1,0.0,0.0,0.4453617714151233,0.4810456929208346,0.38569460791993493,0.3030091210902373,0.3263296597490886,0.0,0.0,0.0,0.0
expanding,5,True,0.2,0.8,0.6,0.4227272727272728,0.2727272727272727,0.6363636363636364,0.6764069264069265,0.518939393939394,0.4090909090909091,0.6363636363636364,0.4848484848484848,11,-1,-1,-1,0.0,0.0,0.4453617714151233,0.4810456929208346,0.38569460791993493,0.3030091210902373,0.3263296597490886,0.0,0.0,0.0,0.0
expanding,5,True,0.2,0.8,0.7,0.4227272727272728,0.2727272727272727,0.6363636363636364,0.6764069264069265,0.518939393939394,0.4090909090909091,0.6363636363636364,0.4848484848484848,11,-1,-1,-1,0.0,0.0,0.4453617714151233,0.4810456929208346,0.38569460791993493,0.3030091210902373,0.3263296597490886,0.0,0.0,0.0,0.0
expanding,5,True,0.2,0.8,0.8,0.4227272727272728,0.2727272727272727,0.6363636363636364,0.6764069264069265,0.518939393939394,0.4090909090909091,0.6363636363636364,0.4848484848484848,11,-1,-1,-1,0.0,0.0,0.4453617714151233,0.4810456929208346,0.38569460791993493,0.3030091210902373,0.3263296597490886,0.0,0.0,0.0,0.0
expanding,5,True,0.5,2.0,0.6,0.40909090909090917,0.2727272727272727,0.6363636363636364,0.6673160173160174,0.5167748917748918,0.4090909090909091,0.6363636363636364,0.4848484848484848,11,-1,-1,-1,0.0,0.0,0.4453617714151233,0.4810456929208346,0.38569460791993493,0.30959388302551133,0.3287292011512075,0.0,0.0,0.0,0.0
expanding,5,True,0.5,2.0,0.7,0.40909090909090917,0.2727272727272727,0.6363636363636364,0.6673160173160174,0.5167748917748918,0.4090909090909091,0.6363636363636364,0.4848484848484848,11,-1,-1,-1,0.0,0.0,0.4453617714151233,0.4810456929208346,0.38569460791993493,0.30959388302551133,0.3287292011512075,0.0,0.0,0.0,0.0
expanding,5,True,0.5,2.0,0.8,0.40909090909090917,0.2727272727272727,0.6363636363636364,0.6673160173160174,0.5167748917748918,0.4090909090909091,0.6363636363636364,0.4848484848484848,11,-1,-1,-1,0.0,0.0,0.4453617714151233,0.4810456929208346,0.38569460791993493,0.30959388302551133,0.3287292011512075,0.0,0.0,0.0,0.0
expanding,5,True,0.5,1.2,0.6,0.3590909090909091,0.2727272727272727,0.6363636363636364,0.6582251082251083,0.5143939393939394,0.36363636363636365,0.6363636363636364,0.45454545454545453,11,-1,-1,-1,0.0,0.0,0.4453617714151233,0.4810456929208346,0.3559800037718403,0.3243015164135021,0.33036731373347317,0.0,0.0,0.0,0.0
expanding,5,True,0.5,1.2,0.7,0.3590909090909091,0.2727272727272727,0.6363636363636364,0.6582251082251083,0.5143939393939394,0.36363636363636365,0.6363636363636364,0.45454545454545453,11,-1,-1,-1,0.0,0.0,0.4453617714151233,0.4810456929208346,0.3559800037718403,0.3243015164135021,0.33036731373347317,0.0,0.0,0.0,0.0
expanding,5,True,0.5,1.2,0.8,0.3590909090909091,0.2727272727272727,0.6363636363636364,0.6582251082251083,0.5143939393939394,0.36363636363636365,0.6363636363636364,0.45454545454545453,11,-1,-1,-1,0.0,0.0,0.4453617714151233,0.4810456929208346,0.3559800037718403,0.3243015164135021,0.33036731373347317,0.0,0.0,0.0,0.0
expanding,5,True,0.8,2.0,0.6,0.3454545454545455,0.2727272727272727,0.6363636363636364,0.5854978354978356,0.4713203463203463,0.36363636363636365,0.6363636363636364,0.45454545454545453,11,-1,-1,-1,0.0,0.0,0.4453617714151233,0.4810456929208346,0.3559800037718403,0.35056636824733944,0.29119493371470734,0.0,0.0,0.0,0.0
expanding,5,True,0.8,2.0,0.7,0.3454545454545455,0.2727272727272727,0.6363636363636364,0.5854978354978356,0.4713203463203463,0.36363636363636365,0.6363636363636364,0.45454545454545453,11,-1,-1,-1,0.0,0.0,0.4453617714151233,0.4810456929208346,0.3559800037718403,0.35056636824733944,0.29119493371470734,0.0,0.0,0.0,0.0
expanding,5,True,0.8,2.0,0.8,0.3454545454545455,0.2727272727272727,0.6363636363636364,0.5854978354978356,0.4713203463203463,0.36363636363636365,0.6363636363636364,0.45454545454545453,11,-1,-1,-1,0.0,0.0,0.4453617714151233,0.4810456929208346,0.3559800037718403,0.35056636824733944,0.29119493371470734,0.0,0.0,0.0,0.0
expanding,5,True,1.0,2.0,0.6,0.35000000000000003,0.2727272727272727,0.6363636363636364,0.5673160173160173,0.4667748917748918,0.36363636363636365,0.6363636363636364,0.45454545454545453,11,-1,-1,-1,0.0,0.0,0.4453617714151233,0.4810456929208346,0.3559800037718403,0.36462026754745963,0.2949798368358887,0.0,0.0,0.0,0.0
expanding,5,True,1.0,2.0,0.7,0.35000000000000003,0.2727272727272727,0.6363636363636364,0.5673160173160173,0.4667748917748918,0.36363636363636365,0.6363636363636364,0.45454545454545453,11,-1,-1,-1,0.0,0.0,0.4453617714151233,0.4810456929208346,0.3559800037718403,0.36462026754745963,0.2949798368358887,0.0,0.0,0.0,0.0
expanding,5,True,1.0,2.0,0.8,0.35000000000000003,0.2727272727272727,0.6363636363636364,0.5673160173160173,0.4667748917748918,0.36363636363636365,0.6363636363636364,0.45454545454545453,11,-1,-1,-1,0.0,0.0,0.4453617714151233,0.4810456929208346,0.3559800037718403,0.36462026754745963,0.2949798368358887,0.0,0.0,0.0,0.0
expanding,5,True,0.2,1.2,0.6,0.43636363636363645,0.18181818181818182,0.6363636363636364,0.6612554112554114,0.47348484848484856,0.4090909090909091,0.6363636363636364,0.4848484848484848,11,-1,-1,-1,0.0,0.0,0.38569460791993493,0.4810456929208346,0.38569460791993493,0.2903521325267001,0.2888242051622462,0.0,0.0,0.0,0.0
expanding,5,True,0.2,1.2,0.7,0.43636363636363645,0.18181818181818182,0.6363636363636364,0.6612554112554114,0.47348484848484856,0.4090909090909091,0.6363636363636364,0.4848484848484848,11,-1,-1,-1,0.0,0.0,0.38569460791993493,0.4810456929208346,0.38569460791993493,0.2903521325267001,0.2888242051622462,0.0,0.0,0.0,0.0
expanding,5,True,0.2,1.2,0.8,0.43636363636363645,0.18181818181818182,0.6363636363636364,0.6612554112554114,0.47348484848484856,0.4090909090909091,0.6363636363636364,0.4848484848484848,11,-1,-1,-1,0.0,0.0,0.38569460791993493,0.4810456929208346,0.38569460791993493,0.2903521325267001,0.2888242051622462,0.0,0.0,0.0,0.0
expanding,5,True,0.0,0.8,0.6,0.3590909090909091,0.18181818181818182,0.6363636363636364,0.6612554112554114,0.47348484848484856,0.36363636363636365,0.6363636363636364,0.45454545454545453,11,-1,-1,-1,0.0,0.0,0.38569460791993493,0.4810456929208346,0.3559800037718403,0.2903521325267001,0.2888242051622462,0.0,0.0,0.0,0.0
expanding,5,True,0.0,0.8,0.7,0.3590909090909091,0.18181818181818182,0.6363636363636364,0.6612554112554114,0.47348484848484856,0.36363636363636365,0.6363636363636364,0.45454545454545453,11,-1,-1,-1,0.0,0.0,0.38569460791993493,0.4810456929208346,0.3559800037718403,0.2903521325267001,0.2888242051622462,0.0,0.0,0.0,0.0
expanding,5,True,0.0,0.8,0.8,0.3590909090909091,0.18181818181818182,0.6363636363636364,0.6612554112554114,0.47348484848484856,0.36363636363636365,0.6363636363636364,0.45454545454545453,11,-1,-1,-1,0.0,0.0,0.38569460791993493,0.4810456929208346,0.3559800037718403,0.2903521325267001,0.2888242051622462,0.0,0.0,0.0,0.0
expanding,5,True,0.2,2.0,0.6,0.3545454545454546,0.18181818181818182,0.6363636363636364,0.6430735930735931,0.46969696969696967,0.36363636363636365,0.6363636363636364,0.45454545454545453,11,-1,-1,-1,0.0,0.0,0.38569460791993493,0.4810456929208346,0.3559800037718403,0.3057351453845792,0.29306532021037424,0.0,0.0,0.0,0.0
expanding,5,True,0.2,2.0,0.7,0.3545454545454546,0.18181818181818182,0.6363636363636364,0.6430735930735931,0.46969696969696967,0.36363636363636365,0.6363636363636364,0.45454545454545453,11,-1,-1,-1,0.0,0.0,0.38569460791993493,0.4810456929208346,0.3559800037718403,0.3057351453845792,0.29306532021037424,0.0,0.0,0.0,0.0
expanding,5,True,0.2,2.0,0.8,0.3545454545454546,0.18181818181818182,0.6363636363636364,0.6430735930735931,0.46969696969696967,0.36363636363636365,0.6363636363636364,0.45454545454545453,11,-1,-1,-1,0.0,0.0,0.38569460791993493,0.4810456929208346,0.3559800037718403,0.3057351453845792,0.29306532021037424,0.0,0.0,0.0,0.0
expanding,5,False,0.0,2.0,0.6,0.3181818181818182,0.18181818181818182,0.6363636363636364,0.6910074773711137,0.4659090909090909,0.3409090909090909,0.7272727272727273,0.4411255411255412,11,-1,-1,-1,0.0,0.0,0.385694607919935,0.4810456929208346,0.320355095234915,0.2719817550323147,0.28472152231766873,0.0,0.0,0.0,0.0
expanding,5,False,0.0,2.0,0.7,0.3181818181818182,0.18181818181818182,0.6363636363636364,0.6910074773711137,0.4659090909090909,0.3409090909090909,0.7272727272727273,0.4411255411255412,11,-1,-1,-1,0.0,0.0,0.385694607919935,0.4810456929208346,0.320355095234915,0.2719817550323147,0.28472152231766873,0.0,0.0,0.0,0.0
expanding,5,False,0.0,2.0,0.8,0.3181818181818182,0.18181818181818182,0.6363636363636364,0.6910074773711137,0.4659090909090909,0.3409090909090909,0.7272727272727273,0.4411255411255412,11,-1,-1,-1,0.0,0.0,0.385694607919935,0.4810456929208346,0.320355095234915,0.2719817550323147,0.28472152231766873,0.0,0.0,0.0,0.0
